topic;tweet
para;Huzur, evlilik, para  gordum galiba sugar d4ddymi bulacagim ????
para;Evlilik için ilk yatırımımı (çeyrek altın)yapmış bulunmaktayım.
para;@Winb1r yüzük, zenginlik, evlilik???? zengin koca buldum galibaaa
para;Evlilik pahalılaştıkça , zina ucuzlayacaktır .
para;@lilililimarlen Çanım baa ölçüleri ve kriterleri yaz, ben çalışmaya başlayayım. 6 ayda sana power point bir sunum hazırlarım . Koca kaynakları marketing work! evlilik mukavelesi, mülk paylaşım anlaşması, boşanma durumunda nafaka be miras hakları mukavelelerini ben yaparım. Komisyonum@%10 ??????
para;Bi abim 18 22 sine kadar hayat toz pembe gelir sonra bi kadın seversin evlilik hayali kurarsın ama maddi durumun yetmez asıl o zaman hayatın ne olduğunu öğrenirsin derdi
para;"Annemler ""yaşın geldi evlilik için birikim yap"" diye dürterken benim tek umrumda olan askerlik biter bitmez işe girip para biriktirip Eyobus'un Avrupa turuna kaydolmak,2023 hedefim.."
para;"EVLENEMEYEN GENÇLER İÇİN ""EVLİLİK FONU"" OLUŞTURALIM

Ekonomik sebeplerle evlenemeyen gençler için hükümete çağrıda bulunan HÜDA PAR Genel Başkanı Zekeriya Yapıcıoğlu, Aileyi güçlendirmek için önerilerimizden biri de evlilik fonu oluşturulmasıdır. https://t.co/Rbi17Xrrs9 https://t.co/3zMiZLFgyM"
para;evlilik zenginlik bereket alırım vallaaaaa
para;@nocontextsextng @Winb1r Bereket Dolar Evlilik slkdjfjd
para;@Winb1r yüzük para evlilik
para;Dolar evlilik para dkdkdk
para;dolar zenginlik evlilik..????? hoccagalin ben gidiom??
para;@Anti_Huri Aşağı yukarı alıyoruz gibi bir şey. ?? 200 - 300 Bin Liraya tekamül ediyor aşağı yukarı. Evlilik parası.
para;"@OrgucuH Hayırlı ve bereketli olsun Canım. Aklıma müthiş bir fikir geldi; devlet ev hanımlarına da yıpranma maaşı bağlasın??Mesela 5 ve katları olmak üzere evlilik senesine göre misal ben 15 yıllık evliyim ona göre…??Nasıl ama? 
( Ne saçmalıyor diyebilirsin alınmam asla )"
para;Dipnot : Hayat standartları yükseltilmek için evlenilmez. Evlilik böyle bir şey değil, olmamalı.
para;"@Nazengulll__ Evlilik ciddi bir kurum; iPhone ondört alana nikahı basan genç bir kadın, evlendiği kişi iPhone onbeş alamazsa bu evliliğin ömrü kelebek ömrüne döner."
para;"Evlilik konusu karşılıklı anlaşmaya dayalı bir olay. Maddiyat ile sınanması çok olası bir olay hatta. Evlilik dönemine girişte iki tarafın da isteklerini birbirlerinin ""yapabilecekleri"" şeyler ile sınırlandırmaları gerektiğini düşünmek de şiddetten sayılmamalı diye düşünüyorum."
para;kimse evlilik hakkında her şey dememiş ben sizi severim canım cevherler en çok da seni sanemim cevherim
para;@Nazengulll__ @uucurumcicegi Çok ucuza gitmiyonmu ve Urfa kızları bile 2 altın kemer ediyo sen ise aifon 15 çıktı cikacak 14 e giderim diyin  evlilik sözleşmesiyle alırlarsa ne yapacak nafakada yok ??????????
para;"@AyeMut5 Herkese maaş bağlanması sonucu evlenemeyen kişiler var.

Evlilik yapanları ödüllendirici adımlar atılmalı.

Amcam eşi öldü. Yalnız kaldı. Bu yüzden oy diyor!.."
para;@AlcayirCengiz Evlenme o zaman , erkek çalışsın herşeyi yüklensin eve baksın sonra önüne bir tabak yemek koymayı çok gör , yok efendim gezmek için evlenilirmiş tek başına da gezersin , evlilik olayını da bitirdiniz!
para;@SemaDuru_71 Bu süresiz nafaka ve Adaletsiz hukuk sistemi olduğu muhletce evlilik ler olmayacak.
para;#Gündem ABD'li general yalanı: Evlilik vaadiyle 60 bin dolarını aldı https://t.co/hTmG9SewhZ
para;@mineolmez_ 2008 ve sonrası hep zorlu geçti ay oğlak olarak üniversiteye başladım bitirmem çok zaman aldı evlendim boşanmak üzereyim kötü bi evlilik deneyimim oldu bir tane oğlum var ama hala doğru düzgün bir işim yok yeni yılda her şey değişir umarım
para;"AMERİKAN GENERAL YALANI
Evlilik vaadine 1 milyon kaptırdı https://t.co/rpZBMkcOBa https://t.co/6x3SgjjK4u"
para;@avmbalci @aDilipak böyle bir cağda evlilik hayal etmek maddi ve manevi olarak çok zorlaştı sonuçlar normal haricinde bireysel özgürlük hissi de ayrı bir sorun belli bir yaşa kadar  bir de feminist duygular içeren kadınlar ilişki zaten ayrı bir endişe  kanunlar desen bir imza atıyorsun artık bittin
para;"Zorla ve berdel, başlık parası vb. çıkarlarla yaptırılan evliliklerin önünde şiddetle durmak lazım.

Bir diğer konu da, eğitim, iş, kariyer, bireysel düşünme gibi nedenlerle giderek yükselen evlilik yaşının gerek bireysel gerekse sosyal travmalara neden olması."
para;@dnz_2763 Bu zamanda evlilik zor bireysel olmak daha ekonomik acı gerçek ????
para;@erdogank_1973 @vedatbilgn Erdoğan abi benim eyt tamam olduda birde şu süresiz nafakaya el atsak onuda süreli yapsalar ne iyi olur yüzünü unuttugum kadına 1750 TL tam 11 yıldır nafaka ödüyorum artık seni bakanlar taniyor şu kadinlarada yoksulluk nafakasini evlilik aile fonu kursunlar boşanan kişilere ordan
para;@sevdaturkusev Bu kadından ne köy olur nede kasaba bunun gibiler zengin erkek avcısıdır evlilik dışı yaşar gezer eğlenir yer içer
para;"@Fulhem570 @yasadisi31 ""Evlilik eşitliğini desteklememek, sadece finansal düzeyde bile zararlı."" - Courtney Act

 https://t.co/sGaCvSSf49"
para;@1881_Atam1938 @nasuhbektas Tek servetinin evlilik yüzüğü olduğunu söyleyen biri vardı. Şimdi ne yapıyor acaba ??
para;"90 nesli, kendi zamanlarının ekmeğini bol bol yediler, arsa aldılar, ev aldılar, dükkan aldılar, hem de kredisiz.... Ve o zamandan kalan hakla emekli de oldular, oluyorlar...

2000 nesli ise kredi çekmeden mont alamaz hale geldi. 2000 neslinde evlilik düşünce haritasından çıktı!?"
para;"?? Evlilik zorlaşıyor 
Zina ucuzluyor.
Erkeklerin önünü açın.
Erkekleri ömür boyu nafaka ödemeye mahkûm edemezsiniz,
Verilen sözleri tutulsun.
 @Akparti 
@RTErdogan @bybekirbozdag @AvOzlemZengin 
@DeryaYanik https://t.co/QjTznSKH2j"
para;@Faruk53Aydin @sevdaturkusev Çalışan kadın güçlüdür. Mesleği olmayan kadına çalışmak zor gelir ve evlilik arayışına girer. Sonunda evin beslemesi olarak kocasına hizmet eder. Gerekirse dayağını yer sesini çıkaramaz oturur köşeye
para;@Akparti beni hep kandırdı 4 aylık evlilik yüzünden süresiz nafaka mağduru oldum böyle olmaz dediler adaleti sağlıcaz dediler inandım 5. Sene giriyoruz hala olmadi, stajerlik emeklilikten sayılacak dediler inandim oda olmadı artık kandiramassiniz beni çünkü inanmıyorum @RTErdogan
para;@bebekkksi @kitaponon Bende öyle ne zaman evlilik konusu açılsa maliyet hesabı yapıyorum asfdjdjxjd
para;"Bence yetmez 1 yıllık toplam maaş, bekarlara evlilik paketi,araba ve ev tapu harç ve sigorta vs de devlet ödemeli! 3 ay yaz tatili 6 ay olmalı,
1 yıllık benzin ya da tüp giderleri de karşılanmalı 85 milyon insan içersinde en önemli meslek onların! #ÖğretmenlerYüzde100Zamİstiyor"
para;@cortexiphaan Çok sikintiysa evlilik sözleşmesi imzaların olur biter ne kastın kadın olarak sokakta yuremiyorsun erkeklerin veridgi nafakayi dert edinmişsin
para;"??Babam derdi ki:
""Aile için çözüm, SÜRESİZ NAFAKANIN kaldırılmasıdır! Bu arada sırf SÜRESİZ NAFAKA için evlilik yapıp, çok sayıda insanın hayatını karartan kişilerin hukuken bir tanımı yapılmalı ve her tarafta yasal olarak TEŞHİR edilmeliler! Buna alet olanlar da yargılanmalı!"""
para;"3 ay evlilik çocuk YOOOOOKKK.
4 yıldır mahkemelerdeyim.
4 yıldır da 
#NafakaZamları ile uğraşıyorum 
@RTErdogan @ErbakanFatih"
para;@azure_azure_34 @25_er_dadas_ Bu yaşa değil altına takılan evlilik ??
para;@SineMeniS2022 Paranı al,işini yap.Evlilik yapmıyoruz burada.
para;"#YoksullukNafakasının Süresiz olması, bu #nafakayı alan tarafın, karşı tarafı ömür boyu #cezalandırmak amacıyla, gelir getirici bir işte #çalışmama ve evlilik yapmadan, birlikte yaşama gibi davranışlara itebilecektir. @RTErdogan @bybekirbozdag @adalet_bakanlik
#NafakaZamları"
para;Hadi bakalım bay kemal, @RTErdogan sayesinde torunun da emekli oldu sayılır...yaşı yetince evlilik primi ve çocuk parasını da alır artık. https://t.co/pkwFMVCRTM
para;Çoğu genç evlenemeyecek. Çoğu genç ev alamayacak. Çoğu genç araba sahibi olamayacak. Çoğu gencin ekonomik zorluklardan dolayı evlilik süresi kısa olacak. Çoğu genç 65 yaşından önce emekli olamayacak,olsalar bile para yetmeyeceği için ölene kadar çalışacak. Gençler,yaşayamayacak.
para;"@HaberReport @ban_emre Zehra hanım milletvekili olduktan sonra, Ünsal ban'ı özel dedektif gibi peşine takmış, zehra hanım hatalı gönül işi bir evlilik yapmış,
Ünsal ban:çevresini kullanmak için evlendiğini fark etmiş ayrılmaya karar vermiş,
Zehra hanım bütün birikmiş parasını da ona kaptırmış,"
para;Evlilik çok tuhaf bişey, 5 liraya domates buldum diye hanımı kolundan tutup pazara getirdim
para;"""Evlilik Pahalılaştıkça,
Zina ucuzlayacaktır...""
                   :  Elmalılı Hamdi  yazır."
para;"Evlilik kriterlerim
1-Bana Bedelli askerlik yaptırması
Bitti bu kadar aday olmak isteyenler vereceğim ibana 150 Bin Tl atıcak ben içlerinden birini seçicem(Geri ödeme yoktur verilen mal geri alınmaz)"
para;Evlilik yıl dönümünde eşine çeyrek altın alan abi, sen tasarruf tedbirlerinin bağlamı ve sürdürülebilir ekonominin can damarısın :))
para;@adaletli4423 Düşünmeyiniz çünkü artık gençler evlilik hayalleri kur(a)muyor, hepsinin tek hayali yurtdışına gitmek...
para;"Bu yıl Noel Baba gelecek mi acaba ?
Ya gelmezse 
Gelir, gelir
Ne istesem
Para, Yalı, Köşk, Ali Koç ile evlilik ??????
Bütün küçük kızların hayali budur https://t.co/WVJln18nBa"
para;@GenelKultur3 Kadının ev işleri karşılığı olarak parayı hakettiğini söyleyenler var. Peki erkek dışarıda çalışıp kazancını ailesine harcıyor. Bu durumda o da boşanırken kadın için harcadığı parayı mı geri istesin. Evlilik zaten hesap üzerine kuruluyorsa olmasın daha iyi
para;Evlilik masrafları Mısırlıları zorluyor https://t.co/mgiVvtpCtM
para;@GenelKultur3 Evlilik artık ülkemizde bir çıkar kapısı haline geldi. Evi arabasi iyi bir işi olan evleniyo olmayanda zina yapiyor. Evlenmek 250 bin zina 500 tl ne gerek var evlenmeye.
para;@ogretmenlersyfs Biz bi iş bulup çalışalım lazim değil evlilik bu zamanda evliliğin iyi bi sey olduğunu zanneden cok
para;Boşanmanın mali sonuçlarına gelince bunlar maddi ve manevi tazminat, mal paylaşımı, nafaka gibi taleplerdir. Eşler bu hususlarda tereddüte yer vermeden anlaşmış olmalıdır. Evlilik birliği içinde edinilmiş malların paylaşımı ayrıca önem arz etmektedir.
para;"@meral_aksener Türkiye'de cinsiyete dayalı maaş sistemi yok.
Maaşlar; kadro ünvanı, mezuniyeti, hizmet yılı, evlilik-bekarlık, çocuk sayısı, engellilik durumu, sendika, hayat sigortası gibi kriterlere göre belirleniyor."
para;"Evlilik muhabbeti artık paradan başka bir şey değilmiş
Duyduğum böyle"
para;"Evlilik ticaret değildir. Kadın erkek eşit diyorsak nafaka tamamen kaldırılmalıdır.
 #suresiznafaka #nafakayaçözüm #NafakaSözüTutulmadı #NafakaSoygunu  #Cumhurİttifakı
@RTErdogan
 @dbdevletbahceli
 @bybekirbozdag
 @yilmaztunc
 @mehmetucum
 @tbmmkefek
 @deryayanikashb"
para;E-devlet'e sosyal ağ eklemesi yapacağız. Artık internette tanışmak ve kaynaşmak güven içinde gerçekleşecek. Tanışma, ilişki ve evlilik konusunda kimsenin şüphesi olmayacak. Eklediğiniz kişi izin verdiği müddetçe üzerine olan tapulara kadar görebileceksiniz. İktidara yürüyoruz...
para;@Fdogan4634 evlilik ve yatırım aynı cümlede hic olmadı
para;@AlcayirCengiz Parasıyla olduktan sonra kadında bol. Evlenmeye ne gerek var. Ayrıca evlilik her zaman mutluluk getirmez. Bu kadın sırtına binecek eşşek arıyor.
para;@RohirrimHalime @GenelKultur3 Boşanmanın ardından maddi olarak zorluğa düşecek olması halinde ödenir nafaka. Yani evlilik süresi farketmez, iyi bir geliriniz varsa nafaka almazsınız. Çekilen “çilelerin” mükafatı değildir, boşanan kadının patriyarkal toplumdaki çekeceği sıkıntıları hafifletmek içindir ??
para;@icaneatstars @GenelKultur3 Bir kaç ay süren evlilik ama ömür boyu nafakayı da siz doğru mu buluyorsunuz??en azından yıllarının tazminatı olarak alabilir o kadın ama bir kaç ayın sonundaki fırsatçılıktır??
para;"@OsmanKuzucu Tıpkı;
Zenginin evlilik dışı çocuğuna aşkının meyvesi derler, fakirinki ise piç olur.

Zengin çapkınlık yapınca playboy olur, fakir yaparsa ""yollu."" 

Zengin eski giyerse ""vintage modası"" olur, fakir giyse ""eski püskü."" 

Fakir çalarsa ""hırsız"", zengin çalarsa ""kleptoman."" olur"
para;@AlcayirCengiz O zaman sen evlilik için değil kiralık koca bul kendine
para;Kadınlar nasıl hayatlarını değiştirmek için varlıklı bir erkekle evlilik yapmayı hayal edebiliyorlar? Hayatları boyunca kendi ayakları üzerinde durabilecek bişi başaramayıp evlendikten sonra her şeyi kendileri başarmış gibi nasıl yaşayabiliyorlar? Bunu nasıl yakıştırabiliyorlar?
para;"@GenelKultur3 Müebbet nafakaya hayır.
Kadınlar, emekli ve yaşlı adamların maaşını alabilmek için onlar ile evleniyor. Özellikle Azerbaycan dan kadınlar evlilik için ülkemize  getiriliyor.  Bu durum engellenmeli. Kaç yıl evli kaldı ise o kadar emekli maaşı verilmeli."
para;"#Mısır CB #Sisi, evlenecek gençlere destek olmak için Evlilik Sandığı kuracağını açıkladı.
???Finansmanı ise evlenen çiftlerden alınacak vergilerden sağlanacak.
 ???Diyor ki ""Evlenebilenler bu parayı ödeyebilir"".
???Bu proje epey eleştiri ve alay konusu oldu."
para;@SalihArslan_82 @aykiricomtr Valla kardeşim bi ton linç yemişsin ama doğru söylüyorsun. Ben 10 senedir bir Rus ile evliyim ve inan çevremdeki evlilik ve ilişkileri görunce diyorum ki iyi ki evlenmişim.Herkesin atıp tuttuğu gibi yok parası için yok şu için evlendi bahaneleri boş.Öyle varlıklı biri değilim
para;@turkoshitpost Dolar Evlilik yani zengin biriyle evlenicem yada evlenince parayı bulucam mı demek oluyo
para;@snmplatformu @TCYargitay @RTErdogan @dbdevletbahceli @bybekirbozdag @YildizFeti @mehmetucum Bu iş Ticari bir durum Evlilik kurumunun da saygınlığı bu sayede çökmüş Evlilik ne kadar doğalsa Boşanmak da o kadar doğal Süresiz nafaka eşittir haksız ve Adaletsiz kazanç yani haram kazanç
para;@TraderAT12 Evlilik masrafı belediye ödenen 350 TL harçtan başka bişey olmaması lazım. İnsan kndi eliyle evlenmeyi zorlaştırıyor.Yok isteme yok söz yok nişan yok kına yok kır bahçeli düğün yemekl ee Ne anladım evlilikten bu borçla mutlu mu olacğını zannediyorlr. Bir daha evlenirsm sistm bu
para;Bu hayatta bana en garip gelen şey ortada adı bile olmayan evlilik için yapılan çeyiz. Oğlum acayip saçma lan
para;@turkoshitpost Para okeyde evlilik?!?!
para;@Haberdar Ne alaka 25 yıl evlilik şartı, avrupada çocuk doğurmuş her kadın emeklilik yaşı gelince, örneğin fransada her doğum 3 yıllık trimestre yazılır 100 euro emeklilik maaşı çocuk başı. 4 çocuk doğurmuşsa 400 euro
para;@Emrolojix @omerdemircrypto @HASOsyalmedya @MuratMmturk @kriptowarrior Burada amaç iyi degil kadin haklari hesapta ama burada evlilik ortadan kalksin farkli hesaplar aileler hedefte gayri meşru iliskiler birliktelikteliklere yöneltiyorlar erkekler zaten maddi zorluklar icinde bitik durumda ve artik kimsenin gözü yemiyor kadınlara iyilik yapılmıyor
para;@ilk_57 Hayır. Diyanet kapatılsın,bütçesi zorunlu evlilik öncesi SMA taramasına ve zorunlu HPV aşısına aktarılsın.
para;@sevincozarslan Evlilik sayesinde vatandaşlık ticareti olarak okumladım. Herkese hayırlı işler alışverişler.
para;@adalet_bakanlik @bybekirbozdag @RTErdogan 5 ay evlilik çocuk yok eşit kusur 4 yıldır nafaka ödüyorum. Allahtan korkun bu yanlıştan dönün artık. Hakkımı gaspetmeyin!!!! @TBMMresmi @iletisim @adalet_bakanlik
para;cok guzel ya param olsa sunu ekine alip evlilik yuzugu fln derdim fakir era beni bitchlessliga zorluyo
para;"@trademasterr1 Evlilik şuan tamamen maddiyata bağlanmış bu zamanda 

Zaman onu gerektiriyor istersen veli kul ol yinede...."
para;Geçen denk geldim kız tarafı erkek tarafından 200 gr altın istemiş eşyaları da isim isim yazıp istek listesi yapmışlar.Evlilik süreci zaten madden manen alışmalı bir süreç.Birde yıpratıcı devasa isteklerle yıpranmayı desteklemek yerine yapıcı ve kolaylaştırıcı çözümler üretsek +
para;?? Zenginlik ?? para ?? evlilik ??
para;Buna mecburum çünkü Allah nasip eder de bir gün evlenirsem haliyle çok paraya ihtiyacım olacak. Bir yandan evlilik olasılığı, bir yandan fahiş fiyatlı kiralar, diğer yandan aşırı fiyat pahalılığının olduğu agresif geçiş döneminde bu eylemleri gerçekleştirmem en doğrusudur.
para;Evlilik denince aklıma dert, keder, düğün masrafları geliyor mutluluk göremiyorum
para;@yagmurio bereket, zenginlik, evlilik… hadi bakalım 777 aldım g
para;24 saat evli kalıp ömür boyu nafaka ödemek ?????? #evlilik
para;"@takashikido Kuzenine alindi diye istemiyor herkes ister normal olan bu diyip örnek veriyor 
Ayrica isteyebilir bir kadın evlilik için belirli bir miktar mal şart koşabilir
Erkek de koşabilir 
Anlaşamazlarsa evlenmezler bu kadar basit"
para;Ben yaza evlilik beklerken sevgilim bugün istifasını verdi... Kelimelerin tükendiği yerdeyim.Oysaki Karaca jupiter shiny gold çatal bıçak takımım bile hazırdı :/
para;"@routesosyal1 @eskisarkiIar Evlilik ??
Mutluluk ??
Dolar ???? maalesef o eksik ????"
para;"@celaleddin_gul Ben bu hükümetten umudumu kestim. Allah’a havale ettim. Hakkım son kuruşuna kadar yiyene sebep olanlara HARAM OLSUN. 5 ay evlilik çocuk yok eşit kusurlu 4 yıldır nafaka ödüyorum. @adalet_bakanlik @bybekirbozdag @iletisim @TBMMresmi @Akparti @AkpartiAnkara 
#adaletsizlik"
para;Mucize dolar evlilik. Dolar olursa evlenirim
para;dolar, zenginlik, evlilik = katarli is adami?
para;@berullah Dolar evlilik para dkdmdndn nice hocam
para;@routesosyal1 Ananı skm bereket para evlilik hassktr
para;"@routesosyal1 Zenginlik evlilik para 
 O zaman zengin koca kapıda"
para;"Kriterlerime bakılırsa evlilik hayatımın gösterişli olmaması mümkün değil gibi djsjdjsjdj Daha doğmamış çocuklarıma miraslık hisse senetleri araştırıyordum 5dk önce jsjdjsjdjsj
Devir işsizlik devri. Hayat sigortalarını hazırlayan bir anneleri var. Eşime ise şşş onunla aramızda ??"
para;Para+evlilik teklifi = zengin koca diye yorumladım
para;@mhmthtcs @Fatihkenan1 @RTErdogan @bybekirbozdag @dbdevletbahceli @Akparti Erkeği istemeyip boşanan kadına mükafat.... Boşanmış evlilik yapan kadına resmen zulümdür nafaka yasası.
para;"Kemalist rejimin kanunları hem zinaya hem de evlilik dışı hayat yaşamaya teşvik ediyor. 

Aile mahkemesi, kocasını aldatan kadını kusurlu buldu fakat boşanmakla yoksulluğa düşeceğini belirterek 5 bin TL nafakaya hükmetti.

https://t.co/uDWtmWcN8f #NafakaZulmü"
para;@Sarasti17 @wntpathway2 @Sudess06 @asistanaliz Sadece çocuk nafakası alabilir. Evlilik durumunda maddi gelirine bakıp kadın için de nafaka istenebiliyor ki, veriyorlar
para;zenginlik evlilik diye
para;"Bereket zenginlik evlilik

Bir tanesinin bile olmayacağından o kadar eminim ki. ?? mutluluk falan çıkınca hadi gene olası var, yeterince genel ama bu 3lü, hem de by ülkede, bu ekonomiyle vs ahdhdjajjsjsjedhhdhdd"
para;@turkoshitpost Ufak tefek afetlerdir bunlar aşırıya kaçmadan bir şey alınabilir ama lavuk almamak için götünü yırttı ve birde evlilik düşündüğün  kişi  bir bilezik almamak için yıllardır hayatında olan insana orospu demeye getirmiş bir sikim olmaz bu lavuktan
para;Ne evlilik isteğim ne hayalim var kendi evimin çeyizini kurma peşindeyim teşekkürler.
para;"@thecatyusha @ilanihaye Hele böyle ekonomik sıkıntı içerisinde zaten gereksiz aptal düğün masraflarını erkeğin üstüne sirtladığımız gibi bu ""Marka model"" listesi çok gülünç bir mesele. Evlilik beraber inşa edilir. Adım adım"
para;Dolar, mutluluk, evlilik.. Önce dolar zengini olup mutlu oluyoruz sonra sevdiceğimle evleniyoruz diye yorumladım agshsjsj ??
para;"İnsanlığın Son kalesi aile kurumunun bekası için evlilik kolaylaştırılmalı...
EVLENEMEYEN GENÇLER İÇİN  ""EVLİLİK FONU"" OLUŞTURALIM https://t.co/YSSjUzKWRW"
para;"2022
motor ????
araba ???
para ???
saygınlık ???
         2023
evlilik ????
daha çok para ????????"
para;@Ercan40900722 @wntpathway2 @Sudess06 @asistanaliz Nafakanın evlilik sözleşmesiyle bir alakası yok
para;@ibrahimKrtas Bu akademik canlilarin maddiat sorunu olmasa evlilik dert olmaz
para;"Hüda Par’dan çarpıcı 2 öneri: Gençlere evlilik fonu, ev hanımlarına evlilik emekliliği https://t.co/jLHL9fNwro 
@hudaparistanbul https://t.co/DCwHEYJNF9"
para;"@farukbeser 25 yıl evlilik, emeklilik için kriter olamaz. Prim ödemeden emekli olmak, prim ödeyene zulüm demektir.
Ailenin korunması maddi sebeplerle değil, manevi değerlerle sağlanmalı."
para;@ozlemse_ @ilanihaye Öylesi zaten şov peşimdedir. Anladığım kadarıyla bu erkekler hiç para harcamasın ama kadının en güzeline en fedakarına en iyisine denk gelsin istiyor. Severek evlenen kadın zaten aza tamah ediyor şu bu olmasa da olur diyor. Görücü usulü evlilik mantık evliliğidir. MANTIK
para;@bilgi_pedia Dolar para evlilik ??
para;@hzbeta3 @turkoshitpost Evlilik ve dolayısıyla dolarla borçlanma görüyorum hocam
para;@ecemcaann @cherepkaa Dolar ve evlilik yurt dışından bir koca demek oluyor bence bu ????????
para;@nisan444 Kesinlikle. Bütün evlilik süresince tüm maddi güvencesi bu olmak zorunda bırakılan kadınlar varken bilezik isteyene salak demek çok kopuk bakmak demek sosyal gerçekliğe.
para;Sade nikah istesek de bilezik istemesek de evlilik istemiyorlar zaten. Bu güzel bir sebep olmuş sadece. ???????
para;@jiiehi @jsuisxheureux eger baba parasi yiyorsa ve harbici zenginse bu sekilde oluyor diger turlu cogu uzun iliski ve evlilik ister
para;"Herkesin yaşam standartı ve beklentisi elbette farklı olmakla birlikte;
nacizane görüşüm,önünde henüz karşılanmamış evlilik,askerlik,ev-araba ihtiyacı,mçocuklar ve okul masrafları bulunan genç bir kardeşimin, finansal özgürlük yolu bizim zamanımızdan çok ama çok daha zor ve uzun."
para;"2030 ve sonrası vaad edilen yaşam #biçimi:
Zenginler ve köleler:
Evlilik, mülk ve para olmayacak.
Kimlerin çocuk sahibi olacağına elitler karar verecek.
Siyasiler çözümü dışarıda değil ,
Anadoluda Türklük ve Aile birliğinde bulabilirler."
para;@omersnn İçinde olmayan Şarj başlığı, ve kulaklık içinde siz böbreğinizi satın ki, evlilik müşterektir olsun :)
para;@angeltarott777 Para gelsin de evlilik teklifi ne ya xkbxnx
para;@SEDATDURAN7 Eşinin okumasına, çalışmasına mani olan adamlar var. Resmen kadının hayatını zindan ediyor. Çocuk da olunca daha zor kadın için. Bu tip herifler ömür boyu nafaka ödemeli. Yoksa kadın çalışıyor, çocuk yok, üç beş yıllık evlilik. Bunlar nafaka ödememeli.
para;"Tarafların boşanma dilekçelerinde yazdıklarını okuyup RED kararı veren hakimin hukuk bilgisinden şüphe ederim.
O nedir?
Yazmışsa Allah ne verdiyse, bir araya gelemezler zaten boşa gitsin.
Ha, kusurlunun evi ocağı batacak.
Evlilik ve çocuk masraflı iştir.
Bir yarınız bahar bahçe."
para;Bol bol kazanç sağlayacağınız ve rahatlıkla para harcayacağınız bir yıl olacak. Ama aşırıya kaçmama konusunda dikkatli olmanız gerekiyor aksi halde kötü sonuçlar getirebilir, dikkat! Mart ayından sonra sorunlu ve zorlu giden evlilik, ortaklık gibi
para;Paran olmaz evlenirsin sonra tutarsın bu aptallıkla fakirliğine bi de çocuk belası çıkaracak kadar da aptalsındır yani. Kadın erkek kendi belini doğrultmadıktan sonra evlilik yoluyla hayatlarını BENCE zaten birleştirmemeli
para;Bereket ve evlilik:)
para;"Evlilik ve boşanma kolay ve yapıcı olması gerekirken, hem zorlaştı, hem de yıkıcı külfetlerle donatıldı.

Çoğu insan, aile olmak için evlenmiyor; eşya ile evleniyor veya evlenmiş olmak için evleniyor.

Haliyle gösteriş ve külfetten ibaret bu evlilikler, kağıt üstündedir."
para;@zodyakbeybisii Kesinlikle daha dün Instagram'da bı sayfada polisin hemşireye evlilik teklifini paylaşmislae altına birsuru kadın kudurmuş çift maaş sanki seviyorda demişler gerçekten ikiyuzluler  samimiyet bile yok turkiyenin haritasında mi nedir bilmiyorum ama herkes herkesten salliyor
para;"@BirselLknur @Aahmet27025398 @trbiaplatformu @RTErdogan @suleymansoylu @MevlutCavusoglu DİKKAT
Her Türk erkeği 
potensiyel olarak #SüresizNafaka adayıdır.
Ona göre hesap yaparak evlilik yapın derim. Hayatınız bir imzayla kararır. Toz pembe hayaller #SüresizSoygunla zindan olur."
para;"@osmannnurika @RTErdogan #SüresizNafaka da skandal?

Böyle evlilik mi olur

Kadın işe girsede, eşit kusurda boşansanda Süresiz Nafaka bağlanabilir. Malesef kadın çalışsada NAFAKA alıyor, hemde ömürboyu. Kadının çalıştığını ıspat etmek bile zulüm.

Acilen Nafaka düzenlenmeli @akparti
#NafakaSözüTutulmadı https://t.co/NvAmkF3fVI"
para;Evlilik sonrası #SüresizNafaka dikkat https://t.co/693WvoTkZi
para;Mutluluk dolar evlilik ay sanırım kendime zengin koca buluyorumm
para;Eksik hiç bitmiyor gerçekten bu evlilik sürecinde çeyizi bitse evin eksiği bitmiyor tadilatı bitmiyor osu bitmiyor busu bitmiyor tefeciye borçlanmama şu kadar kaldı ????
para;@Drr_Nilay Kiralar asgari ücret kadar para enflasyonda erimiş pul olmuş evler 1.5-2 milyon evleneceklr evlenemiyor evlilik 400-500 bin TL Benzine her hafta zam kış gelmiş doğalgaz fatura 600-700'den aşşağı değil ülkeye 10 milyon yabancı doldurulmuş hastane yer yok.Bu millet siha mı yiyecek?
para;@bilgi_pedia Bereket zenginlik evlilik
para;@edualpin @snmplatformu @RTErdogan @bybekirbozdag @deryayanikashb Yıl olmuş 2023 halâ nafaka var bu nasıl bir iş  nerde çalısdı bu nafaka alanlar evlenme dayresinde  ogün  kendini garantiye aldıgı gün para üzerine evlilik anca bukadar olur gerçek dünyayı utnutalar. Vay halinize
para;Arkadaşımın evlilik görüşmesini reddettiği çocuk, arkadaşım bi daha düşünsün diye 200 gr altını mehir olarak teklif etmiş. Kürtler yormayın..
para;Evlilik teklifini reddedicem ama parayı alırım shshjs
para;@ilanihaye Şu zaman da cebinde 800 bini olmayanda evlilik hayali kurmasın bi zahmet. Ekmeği bile 2 öpücükle vermiyor fırıncılar.
para;@Ha_Teache_r @ilanihaye Evet o kadar çok aç gözlü aileler varki sırf zengin diye kızını vermek isteyenler var karaktere bakmak asla akıllarına gelmiyor çünkü zengin her şeyi var ev değil evleri var arabaları var falan hemen düğün yapıyorlar istekleri de asla bitmiyor sonra leş bir evlilik oluyor
para;bugün yaşlı bi adam karısınw evlilik yıldönümü olduğu için devasa bir küpe aldı fiyatı hatırlayamıyorum çok sıfır vardı
para;Bakımımı üstlenebilecek ilk evlilik teklifine evet diyorum, hadi buyrun
para;@alniopulesitivt Gösteriş meraklısı, para avcısı gelinlerin sömürü düzenine bulduğu kılıf ektedir. Geçmişi temiz, namuslu kızlar masrafsız evlilik yapamaz algısı oluşturuyorlar.
teklif;tribünde önümüzde evlilik teklifi edildi. daldık yine hayallere
teklif;@Winb1r Yüzük nişan evlilik bu kadar denk gelmez evren bana bişiler diyo gibi https://t.co/PgRisgX8DK
teklif;Arkadasim evlilik teklifi almis biz bu yasa hemen geldik mi ya
teklif;Bu ara herkes evleniyor, evlenmeyen nişanlanıyor, nişanlanmayan evlilik teklifi alıyor. Bende napim işte atılan fotoğrafları beğeniyorum.??
teklif;ödüm kopuyor süslü giyinmediğim  bigün ya evlilik teklifi elidilir diye ama sonra flörtüm bile olmadığı aklıma geliyor sjsjsjsjsjsjdjd
teklif;jumyon gecen de bn evlilik teklifi almsk istiyom dedi zaten   aziyorm
teklif;"Mucize seyahat yüzük
İtalya veya pariste evlilik teklifi alıyorum olarak yorumladım"
teklif;@zgumburz hocam kızın elini neden bırakmıyorsun eğilip evlilik teklifimi edecen
teklif;Off evlilik teklifi etmek istiyoruuum ??????
teklif;@acelyayvz Hahaha eski manitasi yine evlilik teklifi yapmis heralde??
teklif;@ceylin_kayaDIR @semaergenekonn Bak bütün hevesim gitti 50 izlemek için heyecanim varken evlilik teklifi işkenceyle  izledik şimdi bu darp  izlemek istemiyorum ilcey barışma sahnesi izlemek istiyorum Yekta ve Laçine  bile razıyım o kadar ??????
teklif;@lilkremini Evlilik düşünür müydünüz?
teklif;bi arkadasim var her ay baska birine evlilik teklifiyle gidiyo
teklif;Evlilik teklifi yüzügüm 777 ve öylede oldu https://t.co/1X7htA3ffA
teklif;@appindangoye31 @annenisikimpic ben evlilik dusunmuyorum tesekkurler teklifler icin ??
teklif;@lalsakinol ben de sana her gün aşığım. hanımefendi evlilik düşünür müsünüz?
teklif;@bosluktagibiyim Evlilik teklifi hikayesi de olabilir çok duygusaldı
teklif;Öğretmen arkadaşlarım nişan evlilik falan konuşuyor ben hala acaba yazar mı knk modundayım
teklif;"@se3rap Keşke böyle bişi gerçekten olsa geçen zaman geri gelmiyo ah geri gelmiyo.....
Sevdiğime hayır demek yerine evlilik teklifini kabul ederdimm,sana asla ihanet etmedim diye haykırırdımmm .... .
Diyemedimm ..   ."
teklif;Çok tatlı bir Evlilik Analizi memnuniyeti bırakıyorum şuraya ?? Danışanım benden danışmanlık aldıktan bir gün sonra tıpkı tarif ettiğim özelliklerde birisi çıkmış karşısına?? Kısmet açıyorum biraz ?????? https://t.co/z9eHO2liKI
teklif;van evlilik yaş 32 maddiiii DESTEK vardir
teklif;@vysaleeee Evlilik t?klifi deyile????3 evetle uğurluyoruz sjsj
teklif;Bingöl bir yeni akımın pençesine daha takıldı. Yeni moda turuncu minibüs eşliğinde evlilik teklifi yapılıyor. Abartmadan söylüyorum bu sabah tam beş genç kızımız aynı yerde evlilik teklifi almış. Hani yaratıcılık hani hiç beklenmedik an aşkım
teklif;@klmkzp Evlilik teklifini kendim yaptım iyikide yapmışım :)
teklif;#BelçimBilgin'den evlilik yanıtı ???https://t.co/kq74sF1LGX
teklif;Rüyamda evlılık teklifi aldımm??anca rüyamda alırım zaten??
teklif;ATU'da evlilik t?klifi olub şokdayamm
teklif;@aradaciddiyim Abi evlilik düşünür müsün
teklif;bekar olarak başladığım bu yılı nişanlı+ evlilik teklifi almış şekilde bitiriyorum???? https://t.co/t95K3zxFkA
teklif;Yaşandı, hem de evlilik teklifim için ??
teklif;kuzenim bu saatte evlilik teklifi için arkadaşımdan yüzüğü nasıl alıcaz diye soruyor gawnlsmdl cevap versem mi uyuyor numarası mı yapmsam
teklif;Kızlar ben sanırım buldum ya. Hem hanımcı hem benle isveçe gelir hem de çirkinmiş benden başka karılar kapmaya kalkmaz. En yakın zamanda evlilik teklif edip nikahıma alicam????
teklif;Ben bugün evlilik teklifi aldıııımmmm????????
teklif;@samasya0 @sinemskandalm abla tektas degil ya pandora kalpli yüzük evlilik teklifi almadim
teklif;@belaaceker İstek değil evlilik teklifi alfnqpenqwk
teklif;merhaba beyefendi evlilik dusunur musunuz cunku ben size baktigim an imza attigim ani hayal etmekteyim https://t.co/Z25OcF257w
teklif;@dumbpumb12 Yüzük alınan da Vural Nihan'a evlilik teklif edeceği yüzüğü almışlarrr
teklif;Eleman zınk diye evlilik teklifi yaptı.
teklif;pankartla evlilik teklifi almışım gibi bir gün
teklif;Bütün arkadaşlarım evlilik teklif edip, teklif alırken ben halen yılbaşında ne yapsam..? Acaba dışarı mı çıksam yoksa yiyecek ve içeceği alıp evimde mi sabahlasam diye düşünüyorum
teklif;@ebrusty1es evlilik dusunur musunuz
teklif;"| Akrep • Oğlak • Terazi • Koç |

???????? ???????????? ?????? ??????????????

Uzun zamandır beklediğiniz teklifle karşı karşıya kalabilirsiniz. Kimileriniz ciddi ilişkiye adım atarken kimileriniz evlilik kararı alabilirsiniz. Dileklerinizin kabul olacağı bir ay sizi bekliyor+"
teklif;@AloneSayko Yoksa evlilik teklifi yapan çocuk mu bu?
teklif;arkadaşlar evlilik meraklısı bir ruh hastası gibi görünmüş olabilirim 30a kadar kariyer yaptık para kazandık sonunda aşık olduğum adamı da twden buldum ne zaman evlencem de ben anne olcam geç bile kalmışım nerde benim yüzüğüm al artık fındık kafa (ordulu)
teklif;@nanaselenacnm Tamam evlilik teklifi etmicem sus artık
teklif;arkadasimin bizi attigi toplu fotograftan tipci arkadasi beni begenmis evlilik dusunur mu demis dusunmez miyim kardesim benim hayatini zindana cevirmem gereken 50 erko var sirada sana da gelir sira
teklif;Ayşegül ben sana ellilik değil evlilik teklif ettim
teklif;@muttesemim cok yakisiklisin peki ya evlilik düsünür müsün
teklif;@zodyakbeybisii evlilik teklifi mars durağan zamanı yapıldı söz nişan mars retroda yapıldı nasıl olur acaba
teklif;Evlilik teklifleri, söz nişan için endişe etmeyin. Retrolu bir dönemde gelirse bu iş tekrar edecek demektir yani tekliften sonra isteme, söz, nişan olması olayın tekrarı gibi sayılır. Önemli olan nikah akdi.
teklif;"@suveydasal Hahaha bencedeeeee
(Evlilik tefliki almamışım gibi ) kdksksk"
teklif;@lw1kny4 evlilik teklifi
teklif;"Adsstore gidip evlilik teklifi etmek...
Aynen kardeşim erkekler duygusuz."
teklif;@userin364626 bro biri bana evlilik teklifi etsin evlencem ich meins ernst
teklif;Evlilik teklifini bomboş adamlar yapar sadece
teklif;Herkes mi evlilik teklifi alıyor ya anlaşmışlar gibi
teklif;Ayy evlilik teklifi yüzüğünü ekip almışlar lan çok tatlılar #sıfırıncıgün
teklif;Evlilik teklifi etsin diye yüzük almışlar arkadaşlarına ayy kaldı mı böyle arkadaşlar helal be #SıfırıncıGün
teklif;Ay yine geldi evlilik teklifi perileri. İki storyden biri yüzüklü toynak
teklif;Hayatınızda kaç defa evlilik teklifi ettiniz ben bir sürü kadına ve sadece iki erkeğe evlilik teklifi ettim??
teklif;evlilik teklifi alman an artık meselesi?? Sensiz yapamayacağının çok farkında. Bu aşk tüm kutsallığı ve ihtişamıyla yeniden başlayacak?? Artık yüzünüz gülecek. Bak gör.
teklif;@SonnenscheinDnz @blackbird3458 Hanfendi onu bunu boşverin evlilik düşünüyor musunuz
teklif;Baktığım her storyde birilerinin evlilik tekliflerini görüyorum noluyyoo arkadaşlar noluyyoo
teklif;Güzelliğe bak tekrar evlilik teklifi alasım geldi
teklif;@GenelKultur3 müstakbel eşim zaten diz çökmeyi de tektaş almayı da bedel olarak görüp sızlanıyosa tam bir prensestir ben ona diz çökerim ben ona tektaş alırım ama evlilik teklif etmek için değil olay yerinde bi kere daha eğlenip sesli kahkaha atmak için
teklif;@nezorsun Esenyurtta sıradan bir evlilik teklifi
teklif;@nezorsun Merve boluğur evlilik teklifi almış
teklif;@ShowTV #alkan evlilik teklifi
teklif;Katina bakan çocuk bana “üç ay içinde gelecek gelmezse ocakta evlilik teklifiyle gelecek” diyordu. Evlenme teklifimi bekliyorum şirinevler metrosunda şuan
teklif;@avmelihdemirer Diğeri de öyle bitiyor evlilik teklifi ile alakalı değil bence ..
teklif;@AloneSayko Ay sapık mıdır nedir engellesin.  2 yıldır peşinde bir de evlilik teklifi manyak midir nedie
teklif;Günlük kiralık evde evlilik teklifi alacağıma/edeceğime  bekar ölürüm diyen kaliteli kardeşlerim gelin kucaklasalim.
teklif;@pelinayigt Dünyanın en iyi evlilik teklifi
teklif;"Evlilik öncesi herkes neden teklif yüzüğü istemediğimi sorup duruyor. 
Tektaş dediğiniz şeyin ışığının arkasındaki karanlığı bilseydiniz, parmağınızda taşıdığınız yüzlerce köle çocuğun ağırlığından uyuyamazdınız."
teklif;Hayır, evlilik teklifi yapılmamalı
teklif;boyle dogal bi sekilde edilen evlilik teklifi videolarina oyle bi agliyorum ki
teklif;evlilik teklifi almaya giderken organizasyoncunun storysinden kendi sürprizimi görmüştüm diceklerim bu kadar…
teklif;@vahiylegeldi Sevgilim demiş yani bir adım atmışlar xd. Bu benim evlilik teklifi fikrimdi . Fikrim yapıldığı için çok mutsuzum
teklif;@helltfujah ya amk ben onlarin aglama kiyamam, katiliorum evlilik teklifini kabul ettim op cabuk
teklif;Yaşıtlarımın evlilik o bu şu sorunu içinde benim defterime su damlası düştü diye saatlerce ağlayasim varrr https://t.co/xrLLmyj3LS
teklif;@zdgnr 2 saat sonra evlilik teklifi EVETTTT :d :D
teklif;@evrimkeklik_ @BolukbasiNisa Bence evrim evlilik teklifi alacak ?? nisoş motivasyon konuşması yaptı her şey güzel olacak ??@BolukbasiNisa @evrimkeklik_  öyleli bir şeyler mi kızlar???
teklif;Eger yillar once annanem o adamın evlilik teklifini kabul etseydi şu an bizim de yatlarımız falan olacaktı şirketin baş mimarı olup dedemin işini yapıyor olacaktım
teklif;avrupaya göç eden sap danışmanı arkadaşlar neden evlilik teklifi almış muhafazakar kız gibi “Ayyy canımm allah size de nasip etsin, inan hiç beklemediğin anda çıkıyor karşına” modunda takılıyor?
teklif;@nezorsun Evlilik teklifi edilirken üç kere ayrılıp barıştılar! Sonra bu ilişkilerden katliamlar çıkıyor..
teklif;"Teklif
Kariyer
Zenginlik

İşi gücü yerinde, zengin bir kadından evlilik teklifi alacağım kesin..."
teklif;İdeal evlilik teklifi ?? https://t.co/wjcEXqGmEL
teklif;@doranavirus Ben de hatuna evlilik teklifi yapcam nasıl yüzük alırım onu düşüneyim
teklif;"acaba ferit seyran'a hissettiklerini anlattığı, içten gelen bir evlilik teklifi eder mi?? ??her şey yoluna girdiğinde yeniden başlaya bilmek için güzel bir teklif yapar mı.. ??????? 
#YalıÇapkını"
teklif;annem umreden yüzük getirmiş kim evlilik teklifi istiyo cinsiyet fark etmez
teklif;@AloneSayko Hızını alamayıp evlilik teklif ettiğine göre tecrübesiz biri ama samimi hdjdk yine de ilk başta tanışmak istediğini söylemeliydi kız tanımadığı birinin evlilik teklifini nasıl kabul edebilir hdjfk
teklif;az önce telefon da çok güzel bir haber aldım , canım ANKARA lı kardeşim evlilik teklifi almış , nasıl sevindim anlatamammmm hadi inşallah evet der ??????
teklif;@nezorsun Günlük kiralık evde evlilik teklifi mi ? ??
teklif;@eceyesor @KayNektar Nişan ve evlilik teklifi de buna dahil mi? ??
teklif;Dün 3 tane evlilik teklifi aldım
teklif;Her türlü sade ve başbaşa yapılmalı, pırlanta - tek taş falan olmamalı. Evlilik olayından sonra bir dolu insanla bir dolu organizasyon yapılıyo zaten. Bari işin bu kısmı kafa yormayan masrafsız bir şekilde olsun
teklif;Evlilik teklifini kime niyet kime kısmet diye paylaşmak
teklif;Evlilik teklifine Ekin geldi ya acaba diğer kardeşleriyle hiç konuştu mu ne düşündü nasıl dayandı Ekin'in ağzından bir şeyleri okuma ihtimalimiz var mı ????????
teklif;Ne demek sana yılda iki kez evlilik teklifi edemem?
teklif;Hiç bir erkek kadın evlilik teklifi beklediğini belli etmediği sürece aklında tam anlamıyla bununla evlenirim diye düşünmez. Saygılar.
teklif;evlilik teklifimi acaba ellilik teklifi olarak mı algıladı ya??
teklif;@angel1_litel Tektaş istermisin sonrası evlilik teklifi düşünüyorsan
teklif;@avmelihdemirer Sevgili Eşim evlilik teklifi ettiğinde Kız Kulesindeydik, öyle biz bize, yemek sohbet çok güzeldi, teklif ettiğinde öylece gülümsedim, güldüm çok mutlu olduğum bir andı ve diz çökmesine izin vermedim, hep gönül gönüle olalım dedim. İsteme akşamı çikolatalı kahve ikram etmiştim..
teklif;kalabaliktan uzak, bas basa bi evlilik teklifi..budur…
teklif;Bi instayı kapattık 5 arkadaşım evlilik teklifi, nişan vs mevzularına girişmiş. Zaten çoğu ya girişmişti ya evlendi ve hatta bazıları çoluk çocuk sahibi. Tek tek düşüyordu bütün kaleler, ben kaldım kardeş... Ben kaldım.
teklif;@turuncubeyyy @GalatasaraySK Tamam bul bana da gönder ama evlilik teklifimi orada yapacaksa gelsin ??
teklif;Evlilik teklifi alsam ne güzel olur varya
teklif;Metrodaki beyefendi bana gülümsediğinde evlilik teklif ettiğini anladım ama ineceğim durağa gelmiştim
teklif;@Neslhanmsr @tinercimayki İyi abla evlilik teklifi ediyorsa seviyordur büyük ihtimal
teklif;Sanki evlilik teklifi yapacak ??
teklif;@HaberAslan Yakında korkarım ki tiktok ta prim kasmak için sete çıkıp öpüşecekler bir o kaldı. Sete amigolardan reislerden başka kimsenin çıkmasına izin verilmemeli. Orada Torreira ya tezahürat edilirken evlilik teklifi yapmak da nedir!
teklif;Bugün bir arkadaşım daha evlilik teklifi almış hoş değil
teklif;Kocamın bana ne zaman evlilik teklifi ettiğini unuttum, asla hatırlamıyorum. Ona sordum, o da hatırlamıyo yüksek ihtimalle shdjsjs??????
teklif;@GenelKultur3 eğer bir gün sevdiğim olursa kendim ona evlilik teklifi edicemem söz dnjdbdjdjdjhdjdh
teklif;@RTElice_ Evlilik teklifi
teklif;@cavidedogann Zengin birinden evlilik teklifi geliyor galiba ????
teklif;Geçen sene bugün evlilik teklifi almışım. Çok komikti.
teklif;abi siz bu evlilik tekliflerini ne ara planlayıp ne ara yapıyorsunuz
teklif;"@avmelihdemirer Hakim bey yemin ederim severek evlendiler.
Koca karısına evlilik teklifini  gözümüzün önünde  yaptı.Kadında evet evet naraları ata ata kabul etti.
Evlilik teklifiyle başlayan tanık anlatımı tefrikalar oluşturacak şekilde dava dilekçesinde duruşma salonunda yerini alır??"
teklif;biraz kilo almışız rahat diz çökemiyorum umarım eşim benden erken davranır evlilik teklifi etmek için... koççum benim
teklif;Üstelik zaman kazanmak için böyle bir plan yapmış olsalar da Fırat'tan, gerçek bir evlilik teklifimiz gelmedi (geleceği kesin de) zamanımız var beklemedeyiz.
teklif;@Adriana43059181 @avmelihdemirer Öyle olsa düğüne de gerek yok, kalabalık görmese de olur . :) Bu arada evlilik teklifi iki kişinin rızası olduktan sonra zaman ve mekânın bir önemi yok bence. ??
teklif;Galata kulesinde evlilik teklifi almak????...
teklif;Millet evlilik teklifi aliyo şehirde yasiyolar tabi kim bilir ailesinin dahi haberi yok . Köyde yaşayan kız ne bilsin abi evlilik teklifini bilsede adam nerde  yapsın teklifi anca çıkar minareden bağırır.
teklif;@iyilikdizifox @FOXTurkiye Neslihan evlilik teklifini kabul etmeli ya oda aşık atillaya umarım para göz annesini ve karga burunlu muratı dinleyip red etmez bu teklifi...
teklif;Evlilik teklifi bence sade ve başbaşa yapılmalı. Fazla insanın olduğu aşırı organize ortamda yapılan şov tekliflerin sonu kavgalı gürültülü çekişmeli boşanma davasıyla bitecek gibi geliyor.
teklif;Allahım evlilik teklifi geldiii neslihan lütfen para göz anneni palavracı muratı dinleyip bu teklifi red etme sende aşıksın kızım atillayaa sendee
teklif;Oğlan gelecekteki evlilik teklifini planlamış teknede mumlar vs. Dedim bu çok sıradan olmaz öyle zamanı gelince şöyle dudak uçuklatacak bi teklif planlarız. Planlarız dedim ben dedim yuh bana snsbsbssh
teklif;Maçta önümde çocuk evlilik teklifi yaptı amk yeter beee!1
teklif;@devilofty evet kabul ediyprum evlilik twklfini
teklif;@saadettdogann @cavidedogann Yurt dışından evlilik teklifi herhalde ????
teklif;@IoveIlyy Tektaş artık gözüme çokzel gelmeye başladı, evlilik teklifi almayanların da takmasını normalleştirelim lütfen. ????
teklif;tanışmadan evlilik teklif etmek mi kaçıncı yüzyıldayız
teklif;en yakın arkadaşım evlilik teklifi aldı video çekerken heyecandan elim titredi bu kızın düğününde bana firdevs yöreoğlu gibi felç inecek galiba
teklif;Keşke evlilik teklifi aldığımda ben de ona sorsaydım, ömür boyu bana masaj yapar mısın diye
teklif;Yuzuk parmagimin tirnagi kirildi bana bu hafta evlilik teklif etmeyin.
teklif;@mvh0658 Evlilik teklifi reddedilince erkekler...abi kızma...
teklif;yemin ediyorum ikinizle de evlenirim mesela sana diyelim ki ben evlilik teklifi ettim sen kabul edersen senle de olur ya da sana teklif edersem sen kabul edersen senle de olur anlatabiliyo muyum
teklif;"@pusholder garson masaya kapaklı şeyden getircek içinden bir yüzük kutusu cıkacak meral mommy evlilik teklifi eder gibi kılıcdaroglunuj onunee diz cokecek, kılıcdaroglu cok heyecanlanacak ve meral mommy kutuyu aralayacak… kutunun içinde ise sadece bir kart. 
“lütfen aday olma”"
teklif;az önce önüme çok iyi evlilik teklifi videosu düstü kafam karıstı ben galiba evlilik teklifi edicem
teklif;"Allahım nolurrrr ad günümd? evlilik t?klifi alım nolurrr. I said"" yes????"" yazmaq ist?yir?mmmmmm"
teklif;Birileri yine hayalimi yaşıyor (evlilik teklifi etti) https://t.co/8tK44EINo7
teklif;@pusholder Evlilik teklifi yapacakmış Kemal abimiz
teklif;@gokcenenc07 Ahahahha Belki Bay kemal evlilik teklifini eçek meral a oburleri yordular??????????????
teklif;"seninle evlenebilir miyim&gt; diğer tüm evlilik teklifi cümleleri"
teklif;"@gmz_kz evlilik teklifi ??
bana da aşk para neşe çıktı en önemli şeyler sdfghnjgfd"
teklif;Poyrazın mutluluk diye bir şey yok deyip Ayşegül'e evlilik teklifi ederken evlen benle mutlu olalim Ayşegül demesi gibiydi iste..
teklif;"Kızlar ben bütün geleceğime evet dedimm???? 

.#nikah #nikahelbisesi #evlilik #evetdedim?? @ Kocaeli, Turkey https://t.co/5GhWPpgM4s"
teklif;@paranoyakxl Yapacağın tek teklif evlilik teklifi olur sjsjjs
teklif;Yakın kız arkadaşım Merve senin görümcen olmak istiyorum diyerekten abisi yerine evlilik teklifi yaptı bana ??
yaş;@ftskocak Benim evlilik şeklimde diyanet beni 1 km yürütmez bence ??
yaş;"@Muratzk46206249 @Ateist_TV Bu tamamen sizin kuruntunuz!
Allah evlilik çağının temyiz çağı olduğuna vurgu yapar bknz Nisa/6
Ergen olmak evlilik için yeterli şart değildir galiba siz henüz baba olmadınız ?!"
yaş;"Bir Hanımefendinin twitinde gördüm;
EYT'nin biri çözüldü diğeri ne olacak? Erdoğan onu da çözer mi? Diye küçük bir latife yapmış.
EYT=Evlilikte Yaşa Takılanlar
Belki onu da bizlerin duası çözer;
Rabbimiz evlilik umudu taşıyan, bekleyen herkese saadetli bir evlilik ihsan buyursun."
yaş;Bu arada ikinci ekran alıntısının kaynağı ben değilim. Ben gülmece için ve kafa dağıtmak için bakarım arada. Ortaya çıkaran geni bir Diyanet görevlisi kanıtlamzsan mehkeme diye korkuttuğu için araştırmış. Dava açılmasını bekliyor ! Hahaha. 9 yaşa evlilik yok demiş Diyanetçi!
yaş;@OkurYazarAnne_ @Ateist_TV Hangi ayete göre uygun değil öğrenebilir miyim? İslam'a göre Buluğ çağına girildikten sonra erkek ve kız için evlilik uygundur.
yaş;@ctaslaman İçerisinde çok eşlilik,cariyelik,çocuk yaşta evlilik,kölelik olan bir dinden ahlak beklemem.
yaş;@siyervakfi Buhari nin rivayeti yanlış desen tamamdı. Buhari yi putlaştırmak bu ümmetin sıkıntısı. Ve mezheplere hiç değinmemişsin... onlar da evlilik yaşının olmaması en büyük facia.. örnek Hidâye..
yaş;@manimon24227869 @GaroPaylan Barbar mı sen kimsin kaç paralıksın ki benim devletime barbar dersin kız çocuklarını çocuk yaşta evlendiren, 3. 4. Kadınla evlilik yapan, ensest ilişki desen çok çok var, kan davası desen bitmez trafik kuralı bilmezsin fransayı bile karıştıyosun ama barbar değilsin öyle mi? Sie
yaş;@OkurYazarAnne_ @Ateist_TV haklısın muhammette kızı rukiyeyi osmana 10-11 yaşında vermedi..iki yüzlüsünüz.rukiyenin,doğum evlilik,çocuklarının ölümü,kendi ölümüde tarihlerle belirtilmiş buyrun anlatın hadi.
yaş;@JBedoyere @buraqerr Son mesaja üzülmek ile beraber olgunluk ile evlilik farklı bizim konseyde benden çok büyük olmalarına rağmen onlar ile çok iyi anlaşıyorum yaşıtlarına rağmen ama evlenecek olsam benden çok büyük veya küçük biri ile evlenmem
yaş;@1923_VatanSever @OkurYazarAnne_ @Ateist_TV Hangi konuda yarın eleştirilebilirim mesela ? Belli bir olgunluğa sahip iki kisinin rızasıyla yapılan evlilik mi ileriki zamanlarda gayri ahlaki olabilir. Şöyle diyebiliriz ama bazi hususlar tum zamanlar için gayri ahlaki sayılabilir ( hırsızlık vb.) bazi gelenekler zaman
yaş;Bunca yıldan sonra asgari ücretle hayatınızı idame ettirin diyorsunuz.Bunca emek,zaman kaybının hesabı ne olacak!Nasil telafi edeceğiz onca yılı ? Evlilik,ev,arabayı asgari ücretle alacağız vay be yıkılacak bu düzen  #Milletittifakından100Bin
yaş;@esila204069 @Vera18466899 @MineKonan Haklı evlilik yaşı erkrklerde 40 bayanlarda 35 oldu sabredin 42 de emekli olun evlenin ??
yaş;EvLiLik'de Yaşa,,TaKıLanLar napıyoo
yaş;@1923_VatanSever @OkurYazarAnne_ @Ateist_TV Peki size şöyle sorum olacak. Küçük bir kiz çocuğuna sormadan sadece erkegin kendi rızasıyla yapılan evlilik mi daha ahlakidir, yoksa belli bir akıl olgunluguna gelmiş karşılıklı riza ile yapılan evlilikler mi daha ahlakidir. Bunu tüm zamanlar için soruyorum.
yaş;@Goku_his_mother @_devee_ Evlilik çok ayrı bir şey ben 30 dan önce doğru bulmuyorum hele bu devirde
yaş;@1923_VatanSever @OkurYazarAnne_ @Ateist_TV Günümüz ahlak yapısı sadece bana değil, kimseye uygun gelmiyor ki kamuoyunda küçük bir yaştaki evlilik hem Türkiye'deki çoğunluk itiraz ediyor, hem de Ayşe'nin evlilik yaşının 18-19 olduğunu iddia ediyorlar.
yaş;@1923_VatanSever @OkurYazarAnne_ @Ateist_TV Çok ileri bir görüş olduğunu neye dayandiriyorsunuz. İslam oncesi toplumlarda evlilik yaşı kaçtı? İslam ile birlikte nikah yaşı çok ileri bir zamana mı ertelenmiş oldu.
yaş;"Bu gelin evindeki gelinlerin yaş ortalaması neden hep 20-24  arası 
Sene 2022 hala erken yaşta evlilik devam ediyor bir gidin okuyun çalışın birşey yapın kızlar ya"
yaş;@MurattYldz 99 luyum ve evlilik mi allah korusun benden uzak
yaş;@sevdaturkusev En fazla 45 yaşına kadar 5 evlilik yapar erkeklerin ihtiyacını yapar istediğin gibi bir eşin olur ve bu yaştan sonra sadece Çöp olunabilir
yaş;Eyt li bekârlar artık rahatca evlilik hayalleri kurabilirler ??
yaş;Erken yaşta evlilik ve gebelik: Bilimsel veriler ne söylüyor? https://t.co/OeksjRDCAK @catlak_zemin aracılığıyla
yaş;Hadi çocukken hukuki nikahı kabul ettiğimizi varsayalım. Babanın ve dedenin evlendirdiği kızın muhayyer nikahı reddetmekte serbest olamaması anlaşılır ve kabul edilir değil. Evlilik gibi ciddi bir konuda bir kızın iradesi nasıl devredışı bırakılır?
yaş;Bence emeklilik yaşı 50 olmalı... Çünkü 25 sene okul ve askerlik... Kalan 25 sene evlilik ve çalışma ?? BIRAKIN da 50 yaşında ülkemizi gezelim... Zaten 60 yaşında da yaşarsak hastaneleri gezeceğiz ?? #muegeanli #eytistemiyoruz #StajSskBaslangiciOlsun
yaş;@SemaDuru_71 İnsan hayatın anlamını ve tadını 40 yaşından sonra daha iyi anlıyor ve yaşıyor, sıhhatin yerindeyse olgun yaşlarda evlilik de güzel ,sevmekde güzel,huzurlu yaşamak da güzel, Allah herşeyin hayırlısını versin ????
yaş;@kutluzafer1453 ..... ( Burda şahsına küfür etmiştim sildim) buhariyi mi cokerteceksin, küçük çocuklarla evlilik rivayet dininizde meşru değil mi oğlum.hadi bu iftira diyelim...
yaş;@SemaDuru_71 Eskiden insanlar askerden geldikten sonra hemen evlenirlerdi şimdi insanlar 40 yaşında evleniyor 20 yaşında evlenirsen toruna tokuma kavuşursun 40 yaşında evlenirsen çocuğunun evliliğini de görmeye bilirsin tüm insanlara evlilik kapısı açılır reddederse kapatılır
yaş;@ezZencani ... akademisyenlerin emeklilik yaşı ... ifadesini evlilik yaşı diye okumuşum ?? tivitin devamında Akademisyenlerin evlilik yaşı problemi ile ilgili açıklamalar aradım ?? yaş haddinden emekli olmakla evlilik problemi arasında ilişki kurmaya çalıştım ?? neyse gidip yüzümü yıkayayım
yaş;@AlcayirCengiz Arkadaşlar sakin olun 40 yaşını geçmiş daha bir kere evlilik teklifi dahi almamış. Gelen vurmuş giden vurmuş istediği hayatı yaşıyor zaten.
yaş;@89elizabethhh Şu bizim evlilik yaşını öne çeksek diyorum artık
yaş;@fehmiacat47 14 yaşında hala çocuk diye biliyorum kanunen. 14 yaş altında suc. Ülkesine göre değişebilir 14/15. Ama Türkiye'de 15 yaşındakiyle evlenip çocuk sahibi olup kaç yıl geçmiş insanlari seytanlastirdilar. AB de ise evlilik olmasa bile ilişki suç değil. +
yaş;"Artık evlilik ilanları şöyle olabilir.
38 yaşında emekli bayan.
Yada 43 yaşında emekli bay.???? 
#Eytli #EYT"
yaş;"@Epistemology89 Ben de ""üstünü örtmeyi"" kastederek kullandım ""kafir"" kavramını. Sadece kur'ân'daki hataları değil, İslâm'daki günümüz normlarına veya günümüzde TR'de yaşayan insanların değerler bütününe uymayan (küçük yaşta evlilik, çok eşlilik, kadına şiddet gibi) konuları da örtüyorlar."
yaş;@simsekibrahim4 @mufidyuksel @AltayCemMeric Evlilik yaşı  görecelidir. Tek gerçek rüşd buluğ demek değildir. Çoğu kişi bu ikisini karıştırır. Geçmişe gelince 15 yaş evlilik son derece normaldi. Tarihte anakronizm yapmanında pek bir anlamı yok.
yaş;"@Packingimpackt @ArvasiSacit Konumuza dönersek, yazdıklarınız, Hz Peygamberin evliliği ile alakalı olarak da yeteri kadar tarihsel bilginiz olmadığı kanaatini uyandırıyor. 
Sizin anladığınız manada, günümüzde toplumda sansasyonlar meydana getiren bir fiile dayalı bir evlilik, hiçbir zaman gerçekleşmedi."
yaş;@Cikarde Kast ettiğim biraz daha farklıydı, böyle şartlarda yaşayan bir çocuk yönünden istismarı görmek, tanılamak, çocuk yaşta evliliğin kendisini reddetmeyi gerektirmez. Bir başka ifadeyle çocuk yaşta evlilik kavramını kullanmak istismar yok demek değil.
yaş;"Erken yaşta evlilik yasak ise, o yaşlarda dans edip şarkı söylemek de yasaklanmalıdır.

Ama yok, onun yasaklanmasını istemezler. 

Çünkü kapitalizmin rekabetçi pazarına lazım o kız ve kadınlar.

Evlenen her kadın, kapitalizm için ""kaybedilmiş MAL-META"" demektir."
yaş;Benden küçük büyük herkesin evlilik storysini izlerken kendimden tamamen ümidi kestiğimi farkettiğim o an
yaş;@mufidyuksel Müfid hocam bana kalırsa çocuk yaşta evlilik ile ilgili siz de müktesebat hakkında eleştiri yapmalısınız.  Malesef bu görüş sizde biliyorsunuz ki islam fikhi içerisinde var.
yaş;Erken yaşta evlilik istiyen milyonlarca şeriatçı ve tarikatçı gencimiz medeni kanuna takılınıyor. Sayın cumhurreyisim kaldır şu medeni kanunu
yaş;Çocuk yaşta evlilik kavramının kullanımı istismarı görünmez kılmaz, aksine bu tabir çok boyutlu istismarı ortaya koyar, kurulmaması gereken ama resmi nikahla kurulmuş bir evliliği yok saymak çocuğun mağduriyetine kayıtsız kalmak anlamına gelir. Ceza hukukuna bel bağlamayın derim
yaş;Olumm yaş artınca neden evde aileden evlilik baskısı yiyorum olmayın duaya amin demek ne kadar kötü
yaş;@ozcamzelis Anlamadım ama 18 yaşından aşsagıya evlilik yasak  1 çocuktan sora emekli olacakmış
yaş;@Sadii_Ce Yakında Doğu'daki doğurganlık hızı başka türlü gündem olmak zorunda kalacak. Ortalama evlilik yaşı 28'in üzerine çıktı. Tüm istatistikler birbirini tetikliyor. Geç evlilik, düşük doğurganlık, artan ortalama yaşam derken kaçınılmaz son.
yaş;Hz. Aişe (rh) Annemizin Evlilik Yaşı Kaçtı? | Muhammed Emin Yıldırım  #s... https://t.co/u2PBQy1o4B via @YouTube
yaş;Instagramda aşkından ölüyorum bitiyorum diye kocişini paylaşan bir arkadaşım evlilik güzel bir şey değil, boşanayım, tayin iste gel beraber trakyada yaşayalım dedi. An itibariyle evlenme yaşımı minimum 35 e çıkartmış bulunmaktayım ?????? ben şokkkkk
yaş;@Ateist_TV Yani şimdi diyanet geç gün evlilik yaşının 18 den Ufak olamaz mealindeki sözü Hz peygamberin sünneti ile ters mi dusuyor?
yaş;@lordsinov Amaçsız bir yaşama döndü artık 30 yaşındayım evlilik aklımın ucundan bile geçmiyor işçilikle bişey sahibi olmak artık hayal oldu…
yaş;@aygunkara Artık emekliliği evlilik diye okuyorsan kesim yaşın gelmiştir işte bana karşı gelme ??
yaş;Ülkeye bak evlilik yaşı ortalaması 35'e yükseldi, emeklilik yaşı 38'e düştü
yaş;30 yaşındayım hala aşkı bulamadım yazmış gönül bağı kurduğum evlilik planları yaptığımız sevgilim
yaş;başkanım evlilik te yaşa takılanlar varmış onlarada bir el at??
yaş;Olum niye tüm yaşıtlarım evlilik teklifi alıyo biz daha 20 yaşındayız gençler kendinize gelin
yaş;Mustafa Öztürk, kaynakları saptırarak, rivayetleri bağlamından kopararak Dinimize/İmanımıza, Yüce İslâm Dinine sürekli içeriden ateş ediyor. Çocuk yaşta evlilik sözkonusu değil.  Tamam, istediği TV kanalında burada değindiği konularda Debate yapalım.
yaş;Orta yaş üzeri yapilan evlilik 7 gun ayni ev de cekilmiyor galiba. 2 ayri ev mi dubleks mi iyi bilemedim. Yada ayri odalar yemekte bulusulsun tabi.
yaş;"@ebu_nidal @HseyinE57611699 Gelenekte var geleneği yıkmak için gelmisse yasak getirecek! Nisa 23 evlilik genelegi yikmanin açık ve net göstergesidir! Bazı şeylerde net yasaklar getirmisse; köle, cariye, küçük yaşta, evliligi net yasak getirecektir hocam!"
yaş;@Yasemin76684083 @HseyinE57611699 Çünkü Din hayatın içindedir ve oldukça gerçekçidir. Sosyolojik gerçekliği gözeterek aşamalı bir değişim öngörür. Teşvik etmiyor. Küçük yaşta evlilik zaten yok İslam'da.
yaş;"Mutluluk 
Kariyer
Evlilik 
20 yim ben daha ne evliliği kariyer olsa yeter ??"
yaş;@ayeaydngz1 @AlcayirCengiz Merak etme ablam senin evlilik yaşın geçti ve bu saatten sonra da artık kimse seni almaz… ayrıca pardon da dışarda süt satılırken ben neden evde inek ?? besleyim ki …
yaş;25'ime gelmeden siyasi, dinî, evlilik ve erkekler hakkında görüşlerim netleşmiş olmalı. Bu görüşler isabetli olsa sevinirim. Hayatıma ona göre yön vereceğim çünküü.... (Allah hayırlı ömürler versin hepimize ??
yaş;@AvOzlemZengin Evlilık yasını koysanıza o maddeyede kadınlar kadınların kuyusunu kazıyo  şaka gibi
yaş;"Kadın hakları çalışanların/çalıştığını belirtenlerin ""çocuk evliliği"" kavramını kullanmaları bir tek beni mi rahatsız ediyor? 

Evlilik değil, istismar..."
yaş;@erkuntcagman Gençlik ve evlilik sorunu hariç hepsi :)
yaş;Doğurmamak için evlilik sözleşmesi hazırladığım kocama bebek için baskı yaptığım o yaştayım
yaş;"@iamekinsude @halktvcomtr Hâlbuki o, ilk evliliğini kendinden on beş yaş büyük olan ve daha önce başından iki evlilik geçen Hz. Hatice ile yapmıştır.Gene Hz. Muhammed (s.a.v.) İsteseydi yirmi beş yıl boyunca sadece Hz Hatice ile evli kalmaz, başka evlilikler de yapabilirdi;"
yaş;@m_cemilkilic Hocam şunu merak ediyorum bu çocuk yaşta evlilik tarikat ilişkisi acaba 28 şubattaki müslüm fadime faciası gibi bişeymi acaba aklıma gelmişken sorayım merak ediyorum.
yaş;benim evlilik yasimin geldigini bugün odadaki kızlarla konusurken fark ettim
yaş;3) evlilik yaşı uzar hayatımı yaşayacağım kariyer yapacağım diye vs sonra iş yerinde karma ortam tanıştığı konuştuğu diğer erkeklerden etkilenerek boşanmalar da olur zaten az olan evlilik birde boşanma darbesi yer.
yaş;"@falancaninkizii Nisa/6 da ""evlilik çağı"" şeklinde bir ifade var, çocuk her yaşta evlendirilebiliyor olsa bu ifade zaten geçmezdi. Yani evlilikte bedenen ve aklen uygunluk şartı aranır."
yaş;"@Radyo1Trt de bir nörolog;
Ön beyin gelişimini kadınlarda 21 erkeklerde 24 yaşında tamamladığını ve insanın gerçekte bu yaşta reşit hale geldiğini belirtti. 18 yaş da reşit olmak ve evlilik gibi hayatın en önemli olayı için erken... @diyanetbasin Kur'an ın reşit kavramı bu işte."
yaş;@cumhuriyetgzt Ben güzel işte . Ülkemizdeki insanımız bir daha 6. 14 yaş evlilik adını verdikleri iğrençlikler olmasın diye.aydın aklı başında insanlar eğitimci olsun fenamı yapmışlar ? CARNRGİE den ‘ ödenek ‘ almamışlar ya??.siz ???? Ona bakın!
yaş;"@ihsansenocak dünya
teknolojide, bilimde nasıl atılım yaparım
insanlık yararına nasıl teknolojiler icat ederim diye
kafa yorarken
bizim sözde ilim ve bilim adamlarının tartıştığı şeye bakar mısınız...
9 yaşında çocukla evlilik, cariye nasıl düdüklenir... 
vah vah vah
bu ülkenin geleceği zifir"
yaş;"Sayın Hocam çok fevri çıkışlar yapıyor,sonradan topluyor, ama o fevri çıkışların toplumun geneli üzerinde menfi etkisi oluyor.
 Ayşe Annemizin evlilik yaşı ile ilgili dün bir videosunu seyrettim,çok isabetli ve doğru buldum.
Keşke bu videoyu yıllar önce yayınlasa idi, !"
yaş;"Bu da bizdeki bir HIYAR. 6 yasindaki kiz cocuguna tecavuzu evlilik diye savunup kutlayan ""Merry Christmas"" i kotu geren HIYAR. Bunun bir benzeri de Ankara da Cumhurbaskani..."
yaş;"@tuncayyldrm @mustafaislamogl Allah her ay onun içine ""döllenmeyi bekleyen yumurta hücreleri koyar.
Yani Rabbi diyor ki: ""Bu kız evlilik için hazır, bu yüzden onunla evlen!”"
yaş;"@ilhBaskan @islamasalya88 Yok değil, bekleyeyim, bakalım; en azından Tunç Soyer'in eşi Neptün Soyer 'in evlilik yaşı olan 14'ü göreyim de bakarız diyor."
yaş;@talha_tahta @enis_doko 9 yaşında bir çocuk ile evlilik? Tarikatçi misin yoksa ateist mi? Gerçi her ikisi de aynı tokun laciverdi.
yaş;@m_cemilkilic Sizin kimsenin kapısına.bir şey bırakmanız din adamlarımız soyluyor küçük yaşta evlilik olmaz diye her zaman
yaş;19 yasinda evlilik fobim olustu tesekkur ederim hayatima giren insanlara
yaş;"18 yaşından önce evlilik; gericilik,barbarlık,yobazlık olarak görülüyorsa 
O zaman bu ülkede 18 yaşından önce flört eden 22 milyon sapık,Gerkzekâlı,beyinsiz  var !!

Uyanın !"
yaş;Evlilik yaşı erkeklerde30.kizlarda 25 olmali
yaş;"3-??2022 Yılında en az 5 çocuk şüpheli bir şekilde yaşamını yitirdi. 
Yargıya yansıyan verilere göre en az 228 çocuk cinsel istismara maruz bırakıldı, en az 200 çocuk “evlilik adı altında” cinsel istismara uğradı. https://t.co/dmNwLheru1"
yaş;Ali Bulaç Yazdı: Küçük Yaştaki Evlilik, Hz. Aişe’nin Evliliği ve Bu Konudaki Görüş Ayrılığına Yol Açan Paradigma ve Usul Farkı https://t.co/UVPLUJ8B4Q
yaş;"Henüz 19 yaşında sıla.. 

Hayalinde ki gibi evlilik sürmek isterken birden kabusa dönüyor hayatı eşinden şiddet görmeye başlıyor darp edilip balkondan aşağı atılıyor RESMEN ÖLÜNE itiyor ki hayata tutunuyor. KADINA YÖNELİK ŞİDDETİ SiKINIYORUZ #sılaiçinadalet !! @ahhakverdi https://t.co/PTLXjf2MvT"
yaş;@TraderAT12 Böyle abartılı şeyler isterler sonra evlilik yaşı yükseldi nüfus yaşlanıyor derler turşusunu da kuramazlar kızlarının sonra sağa sola sataşır evlenemeyen gençler
yaş;@gulbahar_arsln Su piersingli şahıs cematlerdeki yurtlarda6yaşındaki  çocuklarla evlilik yapanlardan vede onu aavunanlardan daha delikanlı dır derim
yaş;@cigdemaytac İmamlar, tarikatlar vs hepsi... 9 yaşında evlilik, sakal bırakmak herşeyi yapabiliyorlar, ancak ücret almadan din  hizmetine gelince o peygamberlere özgü diyorlar.
yaş;@_mucahidulislam Erken yaşta evlilik, Kur'an'ın getirmiş olduğu cariyelik hükmü dışındaki uygulamalar bu tweet hepsini kapsıyor.
yaş;@drkaanyl 25…gencim,işim var, okul derdi yok,evlilik yok,ye iç eğlen gez toz zamanımdı..ne cahilsin ne olgun..çok özlüyorum çokkk..
yaş;@oneofpsyche @YusufElmas Bı kaybol İslam düzeninde zina eden rejmedilir katile kissas uygulanır içki kumar uyuşturucu satılmaz ve kadınlar mal gibi genel evlerde satılmaz ve İslam evlilik yaşını belirlemiş çocuk evliliği İslam'da asla söz konusu değildir çocuk istsmarı kadın cinayeti laik sistmde mümkün
yaş;Erken yaşta evlilik ve gebelik: Bilimsel veriler ne söylüyor? https://t.co/ThexnGXExW @catlak_zemin aracılığıyla
yaş;@koyunmuhtaritr Öyle ama evlilik yaşı yukarılara çıktı mı çıktı anne baba olmak için en verimli zamanlarında insanlar evlerine kedi.kopek alıyorlar mı alıyorlar merhamet anne babalık içgüdüsü hayvana boca ediliyor mu ediliyor. Ya da bir çocuk bir hayvanla kardeş tatmini yapılıyor mu yapılıyor.
yaş;#Bugün #ÇatlakZemin’de Hatice Kaya, 18 yaş altındaki evlilik ve gebeliklerin kadın sağlığı üzerindeki etkilerini mevcut, bilimsel veriler ışığında ele alıyor. ??????https://t.co/nzhMkpXF2A
yaş;"Sakız çiğnemek orucu bozar mı?

Yılbaşı kutlamak kafir yapar mı?

Evlilik yaşı kaç ?

Baldıza atlamak mübah mı?

Şu soruların cevabını aradığınız kadar hayatı sorgulasanız isviçre gibi ülke olurduk. #20YıllıkKayıpsınız .."
yaş;"Allahın kaderinde, fiillerinde ve meşiyetinde zulüm, hata, yanlışlık ve hikmetsizlik yoktur.
Aişe annemizin o yaşta evlenmesini ALLAH DİLEMİŞTİR
Aişe radıyallahu anha'nın evlilik yaşı, kalbi ölü olanların küfrünü artırmıştır
Biz iman edenlerin bu konuda zerre kadar şüphesi yoktur"
yaş;"Hukuki Boyut
Araştırıldığı kadarıyla 158 ülke, ebeveynlerin iznine gerek duymadan kız çocuklarında evlilik yaşını 18 ve üzeri; 29 ülke ise 18’in altı olarak tayin etmiştir. 146 ülke, 18 yaşın altındaki kız çocuklarının evliliğini ebeveynlerin izni ve ilgili mercilerin +++"
yaş;"Lgbt nefreti ile anayasaya ilave yapılmaya çalışılırken farkedildi ki, 

yetişkin olmayanlarla evlilik hala keyifle bir yerlerde anlatılıyor.

seks köleliği ve cariyeliğin yasağı ile ilgili hiç adım  atılmamış. Kafalarda hala daha kadın hakları aleyhinde gizli fantaziler canlı. https://t.co/DR3sQ7FEyC"
yaş;"#cariye
??""küçük yaşta evlilik"" safsatasıyla
meşrulaştırılmaya çalışılan cinsel sapkınlık
??islâm'ın getirdiği hükümlerle
ortadan kaldırdığı ""cariyelik"" kılıfıyla
insanların cinsel arzularını istismar ile
nasıl bir tatmin içinde oldukları ortaya çıkıyor??
https://t.co/eZlT9FP3Fi"
yaş;Yaklaşık bir ay sonra 24 olucam. Yaşıtlarımdan evlenenler var. Ama evlilik çok korkutucu bir şey nasıl yapıyorsunuz bunu. Biri varken başkasından etkilenirim diye ödüm kopuyor. Düzenli hayata geçiş. Korkutucu.
yaş;@Bicero_ Hicretten hemen sonra o haneye girdi ve on yılını onun yanında geçirdi diyor evlendi birlikte oldu veya sizin bizim anladığımız bir şekilde evlilik yaptı demiyor hatta evlilik kelimesi dahi geçmiyor işiniz sadece su bulandırmak
yaş;"@laik_os @ikonklastik Dinde evliliğin sınırı; akıl gerizekalı. Bugün senin için 18 yaş normal bir norm iken 200 yıl sonra bu yaş 24 de olabilir. Din evlilik için minimum adet görmeyi ve aklı koymuş. Akıl burada belirleyecek senin evliliğini."
yaş;Belli ki bir grup erkekten kaçıyorlar. Yeni düzende kadınlar evlendirilmemek için yaşlarını çok küçük söylüyor çünkü evlendirilirlerse çocuk sahibi olduktan sonra öldürülüyorlar. Örneğin 18 yaşındaki kız kendini 7-8 yaşındayım diye tanıtıyor. Genelde de 15 yaş evlilik yaşı.
yaş;"Mardin Büyükşehir Belediyesi Kadın ve Aile Hizmetleri Daire Başkanlığı'ndan gelen sosyal hizmet uzmanı ve psikolog tarafından öğrencilerimize çocuk hakları ve erken yaşta evlilik semineri verildi.
@MardinBuyukshr
@mardinilmem
@Murat69_Demir
@artukluilcemem 
@mehmeteminduya1 https://t.co/aEvCOgkVwM"
yaş;"İslâmiyet bir şeyin alt sınırını koyar. Bu illa o iş alt sınırda yapılacak anlamına gelmez.
Evlilik yaşı da böyledir.
""Bu kız/erkek evliliğin sorumluluklarını alabilir"" kanısı oluşmadan
""Erken evlendirelim, fitneden uzak dursun"" düşüncesi kesinlikle yanlıştır.
İslâm insaniyettir."
yaş;@tele1comtr Bir cemaat lideri çocuk evlilik için fetva verirse, istediği kadınları rızasız nikahlarsa,kadına hertürlü baskıyı mübah görürse o cemaatte kim varsa lideriyle hemfikirdir. çünkü cemaatler için din aynı yöne baktır.Bu yüzden cemaat vardır.soru sorabilirsn,razı olmadığını söylemzsn
yaş;@Hasanali_kurt07 @1022Filiz @tele1comtr Bizim dinimizde buluga ermeden olmaz o dediğniz yasak. Ki simdi ise kızlar egitim almadan evlenmeleri dogru gözükmüyor cevremizde hic görmediğimiz bir olayla karsıkarsıyayız. Bizde cemaatin icindeyiz ama öyle bir ahlaksızlık görmedik. 6 yas evlilik yası değil olamazda iftira bu
yaş;@MetehanB10 @murattezel1981 @ateyizkadin Türk kültüründe küçük yaşta evlilik varmış ama yaşıt olurlarmis biribine denk yani
yaş;@EmineErdogan @tcmeb şu erken yaşta evlilik... devletimiz sizin nezdinizde bu konuya eğilsin gerekirse kız çocukları ailelerinden alınıp devlet korumasına verilsin daha bu sabah haberlerde 17 yaşında kız evlendirildekten sonra ayrılmış galiba 19 yaşında uykusunda babası tarafından boğulup öldürülmüş
yaş;@rubyastrology 40 Yaşından sonra bir zahmet :) 7. Ev Oğlak?Kalıcı evlilik
yaş;"(2) Kur'an, ""gönderilen elçileri (peygamberleri) bile hesaba çekileceğini, kimin terazisi ağır ise kurtuluşa ereceğini"" Araf suresinde belirtmektedir. Halifeler devrin de bile ""köleliğin yasak olması"" ve ""çoçuk yaşta evlilik"" hükmüne riayet edilmemiş; ""adaleti ile öğünülen
++"
yaş;"@bedrisinan0 @voiceofhellas Türkiye bir islam ülkesi değildir Müslümanım diyenlerde müslüman değildir olsa idi islam öncesi arap putperestler gibi sıgâr nikahı (berdel) olmazdı 
Recm bebek yaşta evlilik ve daha niceleri putperest arap gelenekleri değilmidir"
yaş;"@emreybilisim @RTErdogan ÇOCUK İSTİSMARI DERKEN??
??Ögretmenine babasina iftira atan dahil mi
??Beyanla iftira uğrayan güya eli birisine dokundu diye sarkintılıktan fetöcü hakimlerin kanaatiyle ceza alanlar dahil mi?
??Erken evlilik yapmış dahil mi?

BEYANLARLA CEZALAR YUVAYIKTI
Ayrım yapmadan #GenelAf"
yaş;@NuhMermer1545 @AlcayirCengiz Senin annenmi 14 yasinda satildi evlilik icin pedofile? Yada sen kizinimi sattin gelin ettin pedofile?Yada kızin,esin annenmi tecavuze ugradida masum bir bayani siyasi inanci icin bukadar ağır yargiliyorsun?Yada senmi pedofilsin?? Ilk once dogru konusacaksin sen!Haddini bileceksn
yaş;@yirmiucderece Hangi birine üzülelim 19 yaşında  öldürüldüğüne mi 2 yıl önce boşanıyorsa 17 yapar evlilik birkaç yılda önce ise çocukken evlendirildiğine mi ? Babasının namus deyip boğmasına mı ?
yaş;şimdi islamiyetin içerisinde cariye mevzuu vartabi çocuk yaşta evlilik vsde var deniyor arap kültürü deniyor cahiliye adeti töresi geleneği deniyor araplarda büluğdan sonra kızların yaşı sayılırdı deniyor hz aişe 18-19 yaşlarındaydı deniyor kardeşim 1390 yıl yahu çözemedinizmi
yaş;"@MSTanrikulu @cezaeviihlaller ÇOCUK İSTİSMARI DERKEN??
??Ögretmenine babasina iftira atan dahil mi
??Beyanla iftira uğrayan güya eli birisine dokundu diye sarkintılıktan fetöcü hakimlerin kanaatiyle ceza alanlar dahil mi?
??Erken evlilik yapmış dahil mi? 
BEYANLARLA CEZALAR YUVAYIKTI
Ayrım yapmadan #GenelAf"
yaş;"@TCAytunCiray @meral_aksener -Çocukların Evlendirilmesine olan haklı itirazın ardından İstanbul Sözleşmesi madde 2/f maddesi ""KIZ ÇOCUKLARI KADIN"" hükmündedir metnine neden itiraz etmiyorsunuz?Size göre Çocuk yaşta ZİNA/Evlilik Dışı seks Serbest EVLİLİK mi yasak?"
yaş;"@ercanyyilmaz @timursoykan dan""6 yasinda evlilik""i aydinlattigi gibi bu cinayeti de aydinlatmasini bekliyoruz.Eminiz ayni sekilde ortaligi ayaga kaldiracak.Yoksa bu sessizlik kendilerini ele verecek.IDDIA EDIYORUM #UğurYanıkel i bunlar öldürdü.@halktvcomtr @AysenurArslantv 
.
#YusufZiyaGümüşel"
yaş;@azmiderler 97 mi evlilik yaşım o yaştan sonra napim ben ya ??????
yaş;@elci_maniah @ikonklastik Doğrudan peygamberin bir evliliği var biliyorsunuzdur ancak çocukluğun tanımı ve evlilik yaşının kabulü modernizm. Dünyada oek çok yerde, çocuk evliliği yaygındı. Dar yorumla bu dine içkin denebilir,sünneti reddetmiyorsanız 9 yaşında ilişki önerilir hatta bu yorumla
yaş;@pirivice @hudutbekcisiyiz @azmiderler 73 evlilik programlarına çıkıp elektrik alamadım diyecem
yaş;@SimonLite @Ahmetku28034921 @ErkanNejat Ha bak nasilda anlasiyoruz senle evlilik yasi zaten o civarlarda ailesi 17 diyor 2 yas kuçuk yazilmis ... Evlendiklerinde fotograflari bak o fotografa valla kizın sevincten kulaklari ağzina variyor hic oyle 6 yasindan beri istismara ugrayan kiza benzemiyor
yaş;@turkoshitpost Amk mutluluk ve evlilik geldi yaş 18 ???? https://t.co/I9vnv4ZuiE
yaş;"Gönül rızası ile severek isteyerek evlendik resmi nikahimizi kiydik çocuklarımız var erken evlilik mağdurlarına verilen sözler tutulsun artık dayanacak gücümüz kalmadı 

@RTErdogan @dbdevletbahceli @bybekirbozdag

  #GenelAf"
yaş;"Erken evlendik sevip yuva kurduk diye yıllara mahkum edildik resmi nikahimizi kiydik çoluk çocuğumuz var erken evlilik mağdurları meclis gündemine gelmeli 

@RTErdogan @dbdevletbahceli @bybekirbozdag

  #GenelAf"
yaş;@kubratw1 20li yaşlarında kötü çocuklarla takılıp 30lu yaşlarında evlilik dank edince efendi erkek arayışına giren kadınlarla aynılar :)
yaş;"@darmody2021 Bir de şu; dönem nedeniyle liseli bir genç kızın 17-18 yaslarinda evlilik çağında gorulmesini kısmen anlaşılır buluyorum. Asla desteklemiyorum ama Çalıkuşu'nda Feride ve Kamran'ın kuzen olmalarını o dönem perspektifinde degerlendirmek gibi iste. Doğrular iyi ki değişiyor..."
yaş;"@aykiricomtr Uçkurlarıyla uğraştıkları kadar bilimle, teknolojiyle, hukukla uğraşsalardı Kur'an'ı ve hadisi daha iyi anlarlardı
Ama
Yok cariye, yok çocuk yaşta evlilik diye diye insanları dinden soğuttular
Kendileri cennetlikmiş gibi insanları cennete davet ediyorlar bi de"
yaş;@EmreKarakoyn75 @m_cemilkilic Eğer anlıyorsanız, demek istediği çocuk yaştaki çocuklarla evlilik yapmak yılbaşı kutlamasından da çok ağır, halbuki yılbaşı kutlamaları haram değildir. Peki Afganistan’da yaşayan kızlarımızın okumak istediği halde neden yasaklanır, öyle bir Hadis mi var?
yaş;Minicik kızların tek hayali evlilik. Yazık yaa. Daha ne yaşadınız, nereyi gördünüz, kendi sınırlarınız, tutkularınız ne? Yalnızca gelinlik hayalini gerçekleştirerek ömür boyu mutlu olacak mısınız? Bunları hiç düşündünüz mü? Çıldıracağım..
yaş;@EmreKarakoyn75 @m_cemilkilic Eğer anlıyorsanız, demek istediği çocuk yaştaki çocuklarla evlilik yapmak yılbaşı kutlamasından da çok ağır, halbuki yılbaşı kutlamaları haram değildir. Peki Afganistan’da yaşayan kızlarımızın okumak istediği halde neden yasaklanır, öyle bir Hadis mi var?
yaş;"@fatihkcansu Ama favorim 20'li yaşlarda ilk iş yerimde 2 haftalık evlilik izninden döner dönmez müdürümün bodoslama sorduğu ""Çocuk yapınca bakacak kimse var mı?"" ??"
yaş;Haram işlemeye yaşı yeten kızlara ve erkeklere evlilik için yaşı küçük diyenler, haramın kapısını açanlardır. Harama düşmekten ateşten korkar gibi korkan gençleri, yani bizleri, Allah'a şükretmek ve boyun eğmek koruyacak inşaAllah. Tıpkı Yusuf aleyhisselâm gibi.
yaş;@D_Carpe_Diem_ Çocuklarla evlilik yapan bu ve benzeri sapık tarikatların hepsi kapatılsın diyorum anlaşılmayacak bir durum yok ortada ?? https://t.co/JQdFPd7hGk
yaş;Evlilik yaş gelince değil doğru kişi gelince yapılır.
yaş;@m_arpac @m_cemilkilic Heee , Aişe validemiz , bir evlilik olayını anlatırken salıncakta sallandığını , çok küçük olduğunu, ne olduğunu anlamadığını söylerken sizin hesaba göre 18 yaşındaydı. Sizde Buhari’deki iftirayı savunmak için kıvırın bakalım . Bir çok fıkıh putunuzda, evlilik için yaş yoktur der
yaş;"@adalet_bakanlik Çocuğum babam nerede ne zaman gelecek dediğinde artık söyleyecek bir şey bulamıyorum Erken evlilik mağdurlarına çözüm bekliyoruz 

@RTErdogan @dbdevletbahceli @bybekirbozdag

  #GenelAf"
yaş;"@azimli_mehmet Bir de evlilik yaşı ile ilgili şöyle bir şey var.
https://t.co/TH0sLh8K7F"
yaş;"@adalet_bakanlik Erken evlilik mağdurlarına verilen sözler tutulsun artık 

@RTErdogan @dbdevletbahceli @bybekirbozdag

  #GenelAf"
yaş;"@adalet_bakanlik Erken evlendik sevip yuva kurduk diye yıllara mahkum edildik resmi nikahimizi kiydik çoluk çocuğumuz var erken evlilik mağdurları meclis gündemine gelmeli 

@RTErdogan @dbdevletbahceli @bybekirbozdag

  #GenelAf"
yaş;"Tek suçumuz sevip yuva kurmak erken evlilik mağdurlarına çözüm bekliyoruz 

@RTErdogan @dbdevletbahceli @bybekirbozdag  #GenelAf"
yaş;@GenelKultur3 Mucize zengin evlilik. Tek sıkıntı 15 yaşımda olmam
yaş;Evlilik ve Seçme yaşı 16 olmalı
yaş;"Cumhuriyet tarihin de 
1938 yılın da 
Kızlarının evlilik yaşını 
15 yaş olarak kanun çıkarıldığını biliyormuydunuz ..

Masa buz kesti 
ERDOĞAN KAZANACAK 
https://t.co/e0rpVlY86q"
yaş;"Evlilik?
Lan daha erken hayır"
yaş;@SenellMRT @ismailhunerlice pedofil yok ama peygamberimiz evlilik yaşı için bluğ çagini emretmiş, ne konusuyorsun bu iş senin aklina mi kaldi, akil iradeymis işiniz gücünüz boş iş, söz bitti
yaş;"@SerpilTuncer01 Türkiye Afganistanı örnek alsın.
Kızlar okula gitmesin.
Evlilik yaşı 6 ya indirilsin.
Aya yol yapılsın.
Reis ölene kadar başkan olsun
Heyt ulan be.."
yaş;@figen_ozenn 28 yaşında taş gibi karı ne var bunda 10 yaşındaki kız çocuğu ile evlilik yapmıyor sonuçta dinciler gibi
yaş;evlilik yaşı falım 24 çıktı nolur gerçek olmasın nolur gerçek olmasın nolur gerçek olmasın nolur gerçek olmasın nolur gerçek olmasın nolur gerçek olmasın nolur gerçek olmasın nolur gerçek olmasın nolur gerçek olmasın nolur gerçek olmasın nolur gerçek olmasın nolur gerçek olmasın
